user_note	observed_KBD_KEY	observed_KST_or_related	status
right_wheel_up	-	5 wrong DDS warnings; no HK	correlated; raw encoder ID unknown
right_wheel_down	-	8 wrong DDS warnings; no HK	correlated; raw encoder ID unknown
right_wheel_press	4/40	1,0 (short); 1,3,4,5,0 (long)	OEM HK confirmed
right_back	4/41	1,0 (short); 1,3,4,5,0 (long)	OEM HK confirmed
right_assist	-	no HK	unresolved, may be other consumer
right_phone	4/53	1,0	OEM HK confirmed
left_upper	4/46	1,0	OEM HK confirmed
left_lower	4/47	1,0	OEM HK confirmed
left_wheel_up	-	no HK or wrong DDS in window	unresolved; separate volume consumer possible
left_wheel_down	-	no HK or wrong DDS in window	unresolved; separate volume consumer possible
left_wheel_press	4/44	1,0	OEM HK confirmed
voice	4/50	1,0	OEM HK confirmed
home	13/116	1,0 (short and ~5.5s long)	OEM HK confirmed
menu	13/78	1,0	OEM HK confirmed
